SEX,PAY
Men,5002
Men,5014
Women,5032
Men,5042
Men,5116
Men,5149
Men,5150
Men,5166
Men,5166
Men,5166
Men,5176
Men,5193
Men,5199
Men,5200
Men,5200
Women,5200
Women,5200
Men,5281
Women,5300
Women,5337
Men,5400
Women,5447
Women,5448
Women,5500
Men,5500
Men,5500
Women,5500
Men,5500
Men,5500
Men,5500
Women,5500
Women,5500
Women,5500
Women,5500
Women,5500
Men,5500
Women,5500
Men,5500
Men,5550
Men,5583
Women,5583
Men,5600
Women,5611
Women,5615
Women,5655
Men,5666
Men,5685
Women,5750
Men,5750
Women,5750
Women,5800
Women,5800
Women,5834
Women,5850
Women,6000
Men,6000
Women,6000
Men,6000
Men,6000
Men,6000
Men,6000
Women,6000
Women,6000
Men,6000
Women,6000
Women,6000
Women,6000
Men,6000
Men,6000
Women,6000
Men,6000
Women,6000
Men,6000
Men,6000
Women,6000
Women,6000
Women,6000
Women,6000
Men,6000
Women,6000
Women,6000
Men,6000
Men,6000
Women,6000
Women,6000
Men,6000
Women,6000
Men,6014
Men,6073
Women,6100
Men,6154
Women,6166
Women,6200
Men,6250
Men,6300
Women,6300
Men,6383
Men,6492
Men,6497
Men,6500
Women,6500
Men,6500
Women,6500
Men,6500
Women,6600
Men,6666
Men,6666
Men,6667
Women,6700
Women,6700
Women,6700
Men,6700
Men,6700
Men,6791
Men,6800
Women,6900
Women,7000
Women,7000
Women,7000
Men,7000
Men,7000
Men,7000
Men,7000
Women,7000
Men,7000
Women,7000
Women,7000
Men,7000
Women,7000
Women,7000
Women,7000
Women,7000
Men,7000
Women,7000
Women,7000
Women,7000
Men,7000
Women,7000
Women,7018
Women,7100
Men,7150
Women,7200
Women,7200
Women,7200
Women,7200
Men,7200
Women,7250
Men,7300
Men,7320
Women,7440
Men,7500
Women,7500
Women,7500
Women,7500
Women,7500
Women,7500
Men,7500
Men,7500
Men,7500
Women,7500
Women,7500
Women,7500
Women,7500
Women,7500
Men,7500
Women,7550
Men,7700
Men,7800
Men,7800
Women,7859
Women,7900
Men,7966
Women,7992
Women,8000
Men,8000
Women,8000
Men,8000
Women,8000
Men,8000
Men,8000
Women,8000
Women,8000
Men,8000
Women,8000
Men,8000
Men,8000
Women,8000
Men,8000
Men,8000
Women,8000
Men,8000
Women,8000
Women,8000
Men,8000
Women,8000
Women,8000
Men,8000
Women,8000
Men,8000
Men,8000
Women,8000
Men,8000
Women,8000
Men,8000
Men,8000
Women,8000
Men,8000
Men,8000
Women,8000
Women,8000
Women,8000
Women,8000
Men,8000
Women,8000
Men,8060
Women,8166
Men,8200
Women,8200
Women,8300
Women,8333
Men,8334
Men,8400
Men,8400
Women,8400
Men,8427
Women,8500
Women,8500
Women,8500
Women,8500
Women,8500
Men,8500
Women,8500
Men,8500
Women,8500
Women,8500
Women,8500
Women,8600
Men,8600
Men,8600
Women,8600
Men,8750
Women,8782
Men,8787
Women,8800
Men,8900
Men,8985
Men,9000
Men,9000
Women,9000
Women,9000
Women,9000
Women,9000
Women,9000
Women,9000
Men,9000
Women,9000
Women,9000
Women,9000
Women,9000
Women,9009
Men,9166
Men,9166
Men,9167
Men,9200
Women,9200
Women,9400
Women,9480
Women,9500
Men,9500
Women,9500
Women,9500
Women,9500
Women,9500
Women,9500
Women,9500
Men,9500
Men,9500
Women,9500
Women,9600
Women,9600
Women,9600
Men,9750
Men,9750
Women,9800
Women,9800
Women,9800
Men,9840
Women,9850
Women,9950
Women,9964
Women,9992
Women,9995
Men,9999
Men,10000
Women,10000
Women,10000
Men,10000
Men,10000
Women,10000
Women,10000
Women,10000
Men,10000
Men,10000
Women,10000
Women,10000
Women,10000
Women,10000
Men,10000
Women,10000
Men,10000
Women,10000
Men,10000
Women,10000
Men,10000
Women,10000
Women,10000
Women,10000
Men,10000
Men,10000
Women,10000
Men,10000
Women,10000
Men,10000
Women,10000
Women,10000
Men,10000
Women,10000
Men,10000
Women,10000
Men,10000
Women,10000
Men,10000
Women,10000
Men,10000
Men,10000
Women,10000
Men,10000
Men,10000
Men,10000
Men,10000
Men,10000
Men,10000
Women,10000
Men,10000
Women,10000
Women,10000
Women,10000
Women,10000
Women,10000
Women,10005
Women,10036
Women,10080
Men,10100
Men,10200
Women,10200
Women,10400
Women,10500
Women,10500
Women,10500
Women,10500
Men,10500
Women,10500
Women,10500
Women,10500
Women,10500
Women,10500
Women,10500
Women,10500
Women,10500
Men,10500
Women,10500
Women,10500
Women,10500
Women,10500
Men,10500
Men,10600
Men,10600
Men,10600
Women,10686
Women,10750
Men,10763
Women,10800
Women,10800
Women,10800
Women,10800
Women,10800
Men,10900
Women,10966
Women,11000
Women,11000
Women,11000
Women,11000
Women,11000
Women,11000
Men,11000
Women,11000
Men,11000
Women,11000
Women,11000
Men,11000
Men,11000
Women,11000
Women,11000
Men,11000
Women,11000
Women,11000
Women,11000
Women,11000
Women,11000
Women,11000
Women,11000
Men,11000
Women,11000
Women,11000
Women,11000
Women,11000
Women,11000
Men,11000
Women,11000
Women,11000
Women,11000
Men,11000
Women,11000
Men,11000
Men,11000
Women,11000
Women,11000
Women,11000
Women,11000
Women,11000
Women,11000
Women,11000
Women,11000
Women,11000
Men,11138
Men,11161
Women,11200
Women,11242
Men,11400
Men,11500
Men,11500
Women,11500
Women,11500
Women,11500
Men,11500
Women,11500
Men,11500
Women,11500
Women,11500
Women,11500
Women,11600
Men,11666
Men,11667
Men,12000
Women,12000
Women,12000
Women,12000
Women,12000
Women,12000
Women,12000
Women,12000
Men,12000
Men,12000
Women,12000
Women,12000
Women,12000
Women,12000
Women,12000
Women,12000
Women,12000
Women,12000
Women,12000
Women,12000
Men,12000
Women,12000
Men,12000
Women,12000
Women,12000
Men,12000
Men,12000
Women,12000
Men,12000
Women,12000
Women,12000
Women,12000
Men,12000
Women,12000
Women,12000
Men,12000
Men,12000
Men,12000
Women,12000
Men,12000
Women,12000
Men,12000
Men,12000
Women,12000
Women,12000
Women,12000
Women,12000
Women,12000
Men,12000
Men,12000
Women,12000
Women,12000
Women,12000
Women,12000
Women,12000
Women,12000
Women,12000
Men,12000
Women,12000
Women,12000
Women,12000
Women,12000
Women,12000
Women,12000
Women,12000
Women,12000
Women,12000
Women,12000
Women,12000
Women,12000
Men,12000
Men,12000
Women,12000
Women,12000
Women,12000
Men,12000
Women,12000
Women,12000
Men,12000
Women,12000
Women,12000
Women,12000
Women,12000
Men,12000
Women,12000
Women,12000
Women,12000
Men,12000
Women,12000
Women,12000
Women,12000
Men,12100
Women,12200
Women,12210
Women,12260
Women,12300
Women,12400
Women,12500
Men,12500
Men,12500
Women,12500
Women,12500
Women,12500
Men,12500
Men,12500
Women,12500
Men,12500
Women,12500
Women,12500
Women,12500
Men,12500
Men,12500
Men,12500
Men,12500
Women,12850
Men,12870
Women,13000
Women,13000
Women,13000
Women,13000
Men,13000
Women,13000
Men,13000
Women,13000
Women,13000
Men,13000
Women,13000
Women,13000
Women,13000
Women,13000
Women,13000
Women,13000
Women,13000
Men,13000
Women,13000
Men,13000
Women,13000
Women,13000
Women,13000
Women,13000
Women,13000
Women,13000
Women,13000
Women,13000
Women,13000
Women,13000
Women,13000
Women,13000
Men,13000
Women,13000
Women,13000
Women,13000
Women,13000
Men,13000
Women,13000
Women,13000
Men,13000
Women,13000
Women,13000
Women,13000
Women,13000
Women,13000
Men,13200
Women,13291
Men,13333
Women,13333
Women,13400
Women,13450
Men,13500
Men,13500
Men,13500
Women,13500
Men,13500
Women,13500
Women,13500
Women,13600
Men,13600
Women,13650
Men,13691
Women,13700
Women,13728
Women,13781
Men,13800
Women,13810
Women,13891
Women,13995
Women,14000
Women,14000
Men,14000
Women,14000
Men,14000
Men,14000
Women,14000
Women,14000
Women,14000
Women,14000
Men,14000
Men,14000
Women,14000
Women,14000
Men,14000
Women,14000
Women,14000
Men,14000
Women,14000
Women,14000
Men,14000
Women,14000
Women,14000
Men,14000
Women,14000
Men,14000
Women,14000
Men,14000
Men,14000
Men,14000
Women,14000
Men,14000
Women,14000
Women,14000
Men,14000
Men,14000
Women,14000
Women,14000
Men,14000
Women,14000
Women,14000
Men,14000
Women,14000
Women,14000
Women,14000
Men,14000
Women,14000
Men,14000
Women,14000
Women,14000
Men,14000
Women,14000
Women,14000
Men,14000
Women,14000
Women,14000
Men,14000
Women,14000
Women,14000
Men,14000
Men,14000
Men,14000
Women,14000
Men,14000
Women,14010
Women,14090
Women,14292
Women,14300
Women,14320
Women,14400
Women,14400
Women,14500
Women,14500
Women,14500
Women,14500
Women,14500
Women,14500
Women,14500
Women,14500
Women,14500
Men,14500
Women,14500
Women,14500
Men,14500
Women,14508
Men,14583
Men,14700
Women,14719
Women,14900
Women,15000
Women,15000
Women,15000
Women,15000
Women,15000
Women,15000
Women,15000
Men,15000
Women,15000
Women,15000
Men,15000
Women,15000
Women,15000
Men,15000
Women,15000
Women,15000
Men,15000
Women,15000
Men,15000
Women,15000
Men,15000
Women,15000
Women,15000
Women,15000
Women,15000
Women,15000
Men,15000
Women,15000
Men,15000
Men,15000
Men,15000
Men,15000
Women,15000
Men,15000
Men,15000
Women,15000
Men,15000
Men,15000
Men,15000
Women,15000
Men,15000
Men,15000
Men,15000
Women,15000
Men,15000
Women,15000
Women,15000
Women,15000
Men,15000
Women,15000
Women,15000
Women,15000
Women,15000
Women,15000
Women,15000
Women,15000
Men,15000
Men,15000
Women,15000
Women,15000
Women,15000
Women,15000
Women,15000
Women,15000
Women,15000
Men,15000
Women,15000
Men,15000
Women,15000
Men,15000
Women,15000
Women,15000
Women,15000
Men,15000
Women,15000
Women,15000
Men,15000
Women,15000
Men,15000
Women,15000
Women,15000
Women,15000
Women,15000
Women,15000
Women,15000
Women,15000
Women,15000
Women,15000
Men,15000
Women,15000
Men,15000
Women,15000
Men,15000
Men,15000
Women,15000
Women,15000
Men,15000
Men,15000
Men,15000
Women,15000
Women,15000
Women,15000
Women,15000
Women,15000
Women,15000
Men,15000
Women,15000
Men,15200
Women,15200
Men,15200
Women,15250
Women,15250
Women,15292
Women,15300
Women,15300
Women,15321
Women,15400
Women,15500
Men,15500
Women,15500
Men,15500
Women,15500
Women,15500
Women,15500
Women,15500
Women,15500
Women,15500
Women,15500
Men,15500
Men,15500
Men,15600
Men,15600
Women,15600
Women,15724
Men,15750
Men,15761
Men,15800
Men,15800
Women,15800
Men,15900
Women,16000
Women,16000
Men,16000
Women,16000
Women,16000
Women,16000
Men,16000
Men,16000
Women,16000
Women,16000
Women,16000
Men,16000
Women,16000
Women,16000
Women,16000
Women,16000
Women,16000
Women,16000
Men,16000
Women,16000
Men,16000
Men,16000
Women,16000
Women,16000
Women,16000
Women,16000
Men,16000
Men,16000
Women,16000
Men,16000
Men,16000
Women,16000
Women,16000
Men,16000
Women,16000
Men,16000
Men,16000
Women,16000
Women,16000
Women,16000
Women,16000
Men,16000
Women,16000
Women,16000
Men,16000
Women,16000
Men,16000
Women,16000
Women,16000
Women,16000
Women,16000
Women,16000
Men,16000
Men,16000
Women,16000
Women,16000
Women,16000
Women,16000
Men,16000
Men,16000
Men,16000
Women,16000
Women,16000
Women,16000
Men,16000
Women,16000
Men,16000
Men,16000
Men,16000
Women,16000
Men,16000
Men,16000
Men,16000
Women,16000
Men,16000
Women,16000
Men,16000
Men,16000
Men,16000
Women,16000
Men,16000
Women,16000
Men,16000
Women,16000
Women,16000
Women,16000
Men,16088
Women,16270
Women,16300
Women,16314
Women,16500
Men,16500
Men,16500
Women,16500
Men,16500
Women,16500
Women,16500
Women,16500
Men,16500
Men,16500
Men,16500
Women,16500
Men,16500
Women,16500
Men,16500
Women,16500
Women,16500
Men,16500
Men,16500
Women,16500
Men,16500
Women,16500
Women,16500
Men,16500
Women,16500
Men,16500
Women,16500
Women,16600
Men,16650
Men,16665
Men,16700
Women,16700
Women,16700
Men,16800
Women,16800
Men,16800
Men,16800
Men,16800
Women,16800
Men,17000
Men,17000
Women,17000
Women,17000
Women,17000
Men,17000
Men,17000
Women,17000
Women,17000
Women,17000
Men,17000
Women,17000
Women,17000
Men,17000
Women,17000
Men,17000
Men,17000
Women,17000
Women,17000
Women,17000
Women,17000
Women,17000
Men,17000
Women,17000
Women,17000
Women,17000
Women,17000
Women,17000
Men,17000
Men,17000
Women,17000
Women,17000
Men,17000
Women,17000
Women,17000
Women,17000
Women,17000
Women,17000
Women,17000
Women,17000
Men,17000
Men,17000
Women,17000
Women,17000
Women,17000
Women,17000
Men,17000
Women,17000
Men,17000
Women,17000
Women,17000
Women,17000
Women,17000
Women,17000
Women,17000
Women,17000
Men,17000
Women,17000
Men,17000
Women,17000
Men,17000
Women,17000
Men,17000
Women,17000
Men,17000
Women,17000
Women,17000
Women,17000
Women,17000
Men,17001
Men,17035
Men,17100
Women,17100
Women,17100
Women,17300
Women,17300
Men,17400
Women,17500
Men,17500
Men,17500
Men,17500
Men,17500
Men,17500
Women,17500
Women,17500
Women,17500
Men,17500
Women,17500
Women,17500
Men,17500
Women,17500
Men,17500
Men,17500
Men,17500
Women,17500
Women,17500
Women,17500
Men,17500
Women,17500
Women,17500
Women,17500
Women,17500
Women,17500
Women,17500
Women,17500
Men,17500
Women,17555
Men,17600
Men,17600
Women,17700
Women,17700
Women,17700
Men,17800
Women,17800
Women,17800
Women,17900
Women,17900
Women,17937
Women,18000
Women,18000
Men,18000
Women,18000
Women,18000
Men,18000
Women,18000
Women,18000
Women,18000
Men,18000
Women,18000
Men,18000
Women,18000
Men,18000
Men,18000
Women,18000
Men,18000
Women,18000
Women,18000
Men,18000
Men,18000
Men,18000
Women,18000
Women,18000
Women,18000
Women,18000
Women,18000
Men,18000
Men,18000
Men,18000
Women,18000
Women,18000
Women,18000
Women,18000
Women,18000
Men,18000
Women,18000
Women,18000
Women,18000
Men,18000
Women,18000
Women,18000
Women,18000
Men,18000
Men,18000
Men,18000
Women,18000
Women,18000
Men,18000
Women,18000
Women,18000
Men,18000
Men,18000
Women,18000
Women,18000
Men,18000
Women,18000
Women,18000
Women,18000
Women,18000
Men,18000
Women,18000
Women,18000
Women,18000
Men,18000
Women,18000
Men,18000
Men,18000
Men,18000
Men,18000
Men,18000
Men,18000
Women,18000
Men,18000
Women,18000
Men,18000
Women,18000
Men,18000
Women,18000
Women,18000
Men,18000
Men,18000
Men,18000
Women,18000
Men,18000
Men,18000
Women,18000
Women,18000
Men,18000
Women,18000
Women,18000
Women,18000
Women,18000
Men,18000
Men,18000
Women,18000
Men,18000
Men,18000
Men,18000
Men,18000
Women,18000
Women,18000
Women,18000
Women,18000
Men,18000
Women,18000
Men,18000
Women,18000
Women,18000
Men,18000
Men,18000
Men,18000
Women,18000
Men,18000
Women,18000
Women,18000
Men,18000
Men,18000
Women,18000
Men,18000
Women,18000
Men,18000
Women,18000
Men,18000
Women,18000
Men,18000
Women,18000
Women,18000
Women,18000
Men,18000
Men,18000
Women,18000
Men,18009
Men,18100
Men,18200
Women,18200
Women,18200
Women,18250
Women,18250
Men,18300
Men,18300
Men,18300
Men,18400
Women,18400
Men,18400
Men,18500
Women,18500
Women,18500
Women,18500
Women,18500
Women,18500
Men,18500
Women,18500
Men,18500
Women,18500
Women,18500
Women,18500
Women,18500
Women,18500
Women,18500
Men,18500
Women,18500
Women,18500
Men,18500
Women,18500
Women,18500
Men,18500
Women,18500
Women,18500
Men,18500
Women,18593
Men,18600
Men,18600
Men,18606
Women,18700
Men,18700
Women,18720
Men,18800
Women,18952
Women,19000
Women,19000
Men,19000
Men,19000
Men,19000
Men,19000
Women,19000
Women,19000
Men,19000
Men,19000
Men,19000
Women,19000
Men,19000
Women,19000
Men,19000
Men,19000
Women,19000
Women,19000
Women,19000
Women,19000
Women,19000
Men,19000
Women,19000
Women,19000
Men,19000
Women,19000
Women,19000
Women,19000
Men,19000
Women,19000
Women,19000
Women,19000
Men,19000
Women,19000
Women,19000
Women,19000
Men,19000
Men,19000
Women,19000
Men,19000
Men,19000
Men,19000
Men,19000
Women,19000
Women,19000
Women,19000
Women,19000
Women,19000
Men,19000
Women,19000
Men,19000
Women,19000
Men,19000
Men,19000
Men,19000
Women,19000
Men,19000
Women,19000
Men,19000
Women,19000
Women,19000
Men,19000
Women,19000
Women,19000
Men,19000
Men,19000
Men,19003
Women,19200
Women,19200
Women,19200
Men,19200
Men,19200
Women,19253
Women,19300
Women,19300
Women,19300
Men,19500
Women,19500
Men,19500
Women,19500
Men,19500
Women,19500
Women,19500
Men,19500
Women,19500
Women,19500
Men,19500
Women,19500
Women,19500
Women,19500
Women,19500
Women,19500
Women,19500
Men,19500
Women,19500
Women,19626
Women,19655
Men,19655
Women,19655
Women,19699
Women,19700
Women,19750
Women,19750
Women,19750
Women,19752
Women,19825
Men,19848
Men,19850
Men,19965
Men,19999
Men,20000
Women,20000
Women,20000
Men,20000
Women,20000
Women,20000
Women,20000
Women,20000
Women,20000
Women,20000
Men,20000
Women,20000
Women,20000
Women,20000
Women,20000
Men,20000
Women,20000
Men,20000
Women,20000
Women,20000
Women,20000
Men,20000
Men,20000
Men,20000
Women,20000
Women,20000
Men,20000
Women,20000
Women,20000
Men,20000
Men,20000
Men,20000
Women,20000
Men,20000
Men,20000
Women,20000
Women,20000
Women,20000
Men,20000
Women,20000
Men,20000
Women,20000
Men,20000
Women,20000
Men,20000
Men,20000
Women,20000
Men,20000
Women,20000
Women,20000
Men,20000
Women,20000
Men,20000
Women,20000
Men,20000
Men,20000
Men,20000
Women,20000
Men,20000
Men,20000
Men,20000
Men,20000
Men,20000
Men,20000
Men,20000
Men,20000
Women,20000
Women,20000
Women,20000
Men,20000
Men,20000
Men,20000
Women,20000
Men,20000
Women,20000
Men,20000
Women,20000
Women,20000
Women,20000
Women,20000
Men,20000
Women,20000
Women,20000
Women,20000
Women,20000
Women,20000
Men,20000
Men,20000
Men,20000
Men,20000
Men,20000
Women,20000
Men,20000
Women,20000
Women,20000
Men,20000
Women,20000
Women,20000
Women,20000
Women,20000
Women,20000
Men,20000
Men,20000
Women,20000
Women,20000
Women,20000
Men,20000
Men,20000
Women,20000
Men,20000
Women,20000
Women,20000
Women,20000
Women,20000
Women,20000
Women,20000
Women,20000
Men,20000
Women,20000
Women,20000
Women,20000
Women,20000
Men,20000
Men,20000
Women,20000
Men,20000
Men,20000
Women,20000
Men,20000
Women,20000
Women,20000
Women,20300
Women,20300
Women,20332
Women,20400
Women,20400
Women,20456
Women,20500
Women,20500
Women,20500
Men,20500
Men,20500
Women,20600
Men,20600
Men,20700
Men,20700
Men,20750
Men,20800
Men,20833
Men,20833
Men,20833
Men,20883
Women,21000
Men,21000
Men,21000
Women,21000
Women,21000
Men,21000
Women,21000
Women,21000
Men,21000
Men,21000
Women,21000
Women,21000
Men,21000
Women,21000
Women,21000
Women,21000
Women,21000
Men,21000
Men,21000
Women,21000
Women,21000
Men,21000
Women,21000
Men,21000
Women,21000
Men,21000
Women,21000
Women,21000
Men,21000
Women,21000
Men,21000
Women,21000
Women,21000
Women,21000
Men,21000
Women,21000
Men,21000
Women,21000
Women,21000
Women,21000
Men,21000
Men,21000
Men,21000
Women,21000
Women,21000
Women,21000
Men,21000
Women,21000
Women,21000
Women,21000
Men,21000
Men,21000
Men,21000
Women,21000
Women,21000
Men,21000
Women,21000
Women,21000
Women,21000
Women,21000
Men,21000
Men,21000
Men,21000
Men,21000
Women,21000
Men,21000
Women,21000
Men,21000
Men,21000
Women,21000
Women,21000
Men,21000
Women,21000
Men,21000
Men,21000
Men,21000
Men,21000
Men,21000
Women,21000
Women,21000
Women,21000
Men,21000
Women,21000
Men,21000
Men,21000
Men,21000
Women,21000
Men,21000
Men,21200
Women,21300
Women,21325
Men,21350
Women,21400
Women,21500
Women,21500
Men,21500
Men,21500
Women,21500
Men,21500
Men,21500
Women,21500
Men,21500
Men,21500
Women,21500
Women,21500
Men,21500
Women,21500
Women,21500
Men,21500
Men,21500
Women,21500
Men,21500
Men,21600
Men,21663
Women,21740
Women,21765
Men,21900
Men,21900
Women,21909
Women,21990
Women,21995
Women,22000
Men,22000
Men,22000
Women,22000
Women,22000
Men,22000
Women,22000
Women,22000
Women,22000
Women,22000
Men,22000
Women,22000
Men,22000
Women,22000
Men,22000
Men,22000
Women,22000
Men,22000
Men,22000
Women,22000
Men,22000
Men,22000
Men,22000
Women,22000
Women,22000
Women,22000
Women,22000
Men,22000
Men,22000
Men,22000
Men,22000
Women,22000
Women,22000
Women,22000
Men,22000
Men,22000
Women,22000
Women,22000
Men,22000
Women,22000
Men,22000
Women,22000
Men,22000
Men,22000
Women,22000
Women,22000
Women,22000
Women,22000
Women,22000
Men,22000
Men,22000
Women,22000
Women,22000
Men,22000
Women,22000
Women,22000
Women,22000
Women,22000
Men,22000
Men,22000
Men,22000
Women,22000
Men,22000
Men,22000
Women,22000
Men,22000
Women,22000
Women,22000
Women,22000
Men,22000
Men,22000
Men,22000
Men,22000
Women,22000
Women,22000
Men,22000
Women,22000
Women,22000
Women,22000
Women,22000
Men,22000
Men,22000
Men,22000
Women,22000
Men,22000
Women,22000
Men,22000
Men,22000
Men,22000
Women,22000
Men,22000
Men,22000
Women,22000
Women,22000
Men,22000
Men,22000
Men,22000
Men,22000
Women,22000
Men,22000
Men,22000
Women,22000
Men,22000
Women,22000
Women,22000
Men,22000
Men,22000
Women,22000
Women,22000
Women,22000
Women,22000
Men,22000
Women,22000
Men,22000
Women,22000
Women,22000
Women,22000
Men,22100
Women,22100
Men,22175
Women,22200
Women,22236
Women,22250
Women,22300
Women,22400
Women,22458
Women,22458
Men,22500
Men,22500
Men,22500
Men,22500
Women,22500
Women,22500
Women,22500
Men,22500
Women,22500
Women,22500
Men,22500
Women,22500
Men,22500
Men,22500
Women,22500
Men,22500
Women,22516
Women,22600
Women,22600
Men,22600
Women,22680
Women,22683
Men,22800
Men,22800
Women,22815
Men,22895
Women,22900
Men,22995
Men,23000
Women,23000
Men,23000
Women,23000
Women,23000
Men,23000
Women,23000
Women,23000
Men,23000
Women,23000
Men,23000
Women,23000
Men,23000
Women,23000
Men,23000
Men,23000
Women,23000
Women,23000
Men,23000
Women,23000
Women,23000
Men,23000
Women,23000
Men,23000
Women,23000
Men,23000
Women,23000
Women,23000
Women,23000
Men,23000
Women,23000
Men,23000
Women,23000
Women,23000
Women,23000
Men,23000
Men,23000
Men,23000
Men,23000
Men,23000
Men,23000
Women,23000
Men,23000
Women,23000
Women,23000
Women,23000
Men,23000
Women,23000
Men,23000
Women,23000
Men,23000
Men,23000
Women,23000
Women,23000
Men,23000
Men,23000
Women,23000
Women,23000
Women,23000
Men,23000
Women,23000
Women,23000
Women,23000
Women,23000
Women,23000
Women,23000
Women,23000
Women,23000
Women,23000
Men,23000
Women,23000
Women,23000
Men,23000
Women,23000
Men,23000
Women,23100
Men,23112
Women,23165
Men,23166
Women,23200
Women,23300
Women,23477
Women,23500
Women,23500
Women,23500
Women,23500
Women,23500
Women,23500
Women,23500
Men,23500
Men,23500
Women,23500
Men,23500
Men,23500
Men,23500
Women,23500
Women,23700
Women,23708
Men,23800
Men,23800
Women,23871
Women,23953
Men,24000
Men,24000
Men,24000
Men,24000
Women,24000
Men,24000
Women,24000
Women,24000
Women,24000
Women,24000
Women,24000
Men,24000
Men,24000
Men,24000
Women,24000
Men,24000
Women,24000
Women,24000
Men,24000
Women,24000
Women,24000
Women,24000
Men,24000
Women,24000
Women,24000
Women,24000
Men,24000
Men,24000
Men,24000
Women,24000
Men,24000
Men,24000
Men,24000
Men,24000
Women,24000
Men,24000
Men,24000
Women,24000
Men,24000
Women,24000
Men,24000
Women,24000
Women,24000
Men,24000
Women,24000
Men,24000
Men,24000
Men,24000
Men,24000
Women,24000
Women,24000
Women,24000
Men,24000
Men,24000
Men,24000
Men,24000
Women,24000
Men,24000
Men,24000
Women,24000
Men,24000
Men,24000
Men,24000
Women,24000
Women,24000
Men,24000
Men,24000
Men,24000
Men,24000
Women,24000
Women,24000
Women,24000
Women,24000
Men,24000
Men,24000
Women,24000
Women,24000
Women,24000
Women,24000
Women,24000
Men,24000
Men,24000
Men,24000
Women,24000
Men,24000
Men,24000
Women,24000
Men,24000
Women,24000
Women,24000
Men,24000
Women,24000
Men,24000
Women,24000
Men,24000
Men,24000
Women,24000
Men,24000
Men,24000
Women,24000
Women,24000
Men,24000
Men,24000
Men,24000
Women,24000
Men,24000
Men,24000
Women,24000
Men,24000
Men,24000
Men,24000
Women,24000
Women,24000
Men,24000
Men,24000
Women,24234
Women,24360
Women,24397
Women,24401
Men,24500
Men,24500
Women,24500
Men,24500
Men,24500
Men,24500
Men,24500
Men,24500
Men,24500
Men,24500
Men,24500
Men,24500
Men,24500
Men,24500
Men,24500
Men,24500
Women,24500
Women,24500
Women,24717
Women,24750
Men,24800
Women,24823
Women,24823
Men,24884
Men,24900
Women,24950
Men,25000
Men,25000
Men,25000
Men,25000
Men,25000
Men,25000
Women,25000
Men,25000
Women,25000
Men,25000
Men,25000
Women,25000
Women,25000
Women,25000
Men,25000
Men,25000
Women,25000
Men,25000
Women,25000
Men,25000
Men,25000
Men,25000
Men,25000
Women,25000
Women,25000
Women,25000
Men,25000
Men,25000
Women,25000
Men,25000
Women,25000
Men,25000
Women,25000
Men,25000
Women,25000
Women,25000
Women,25000
Women,25000
Women,25000
Men,25000
Men,25000
Women,25000
Men,25000
Men,25000
Men,25000
Men,25000
Men,25000
Women,25000
Men,25000
Men,25000
Women,25000
Women,25000
Women,25000
Women,25000
Men,25000
Women,25000
Women,25000
Men,25000
Men,25000
Women,25000
Women,25000
Women,25000
Women,25000
Women,25000
Men,25000
Women,25000
Women,25000
Women,25000
Women,25000
Men,25000
Women,25000
Men,25000
Men,25000
Women,25000
Men,25000
Women,25000
Men,25000
Men,25000
Men,25000
Women,25000
Men,25000
Men,25000
Men,25000
Men,25000
Men,25000
Women,25000
Men,25000
Men,25000
Men,25000
Women,25000
Women,25000
Women,25000
Men,25000
Women,25000
Women,25000
Men,25000
Women,25000
Men,25000
Men,25000
Men,25000
Men,25000
Men,25000
Men,25000
Women,25000
Men,25000
Men,25000
Men,25000
Men,25000
Men,25000
Women,25000
Women,25000
Women,25000
Men,25000
Men,25000
Men,25000
Women,25000
Women,25000
Women,25000
Men,25000
Men,25000
Women,25000
Women,25000
Men,25000
Women,25000
Men,25000
Men,25000
Women,25000
Men,25000
Men,25000
Women,25000
Men,25000
Men,25000
Men,25000
Women,25000
Women,25000
Men,25000
Women,25000
Men,25000
Men,25000
Men,25000
Men,25000
Men,25000
Men,25000
Men,25000
Men,25000
Men,25000
Men,25000
Women,25000
Men,25000
Men,25000
Men,25000
Women,25000
Men,25000
Men,25000
Women,25038
Men,25078
Men,25100
Men,25100
Women,25200
Men,25200
Women,25250
Women,25300
Men,25350
Women,25500
Men,25500
Women,25500
Women,25500
Men,25500
Men,25500
Men,25500
Men,25500
Men,25500
Men,25500
Men,25500
Men,25630
Men,25700
Men,25750
Men,25779
Women,25780
Men,26000
Men,26000
Men,26000
Men,26000
Women,26000
Women,26000
Men,26000
Men,26000
Women,26000
Men,26000
Men,26000
Men,26000
Men,26000
Women,26000
Men,26000
Men,26000
Women,26000
Women,26000
Men,26000
Men,26000
Men,26000
Men,26000
Men,26000
Women,26000
Men,26000
Men,26000
Men,26000
Men,26000
Women,26000
Men,26000
Women,26000
Women,26000
Women,26000
Women,26000
Women,26000
Women,26000
Men,26000
Men,26000
Men,26000
Women,26000
Women,26000
Women,26000
Men,26000
Men,26000
Men,26000
Men,26000
Men,26000
Men,26000
Women,26000
Men,26000
Women,26000
Men,26000
Men,26000
Men,26000
Women,26000
Men,26000
Women,26000
Women,26000
Men,26000
Women,26000
Men,26000
Men,26000
Women,26000
Men,26000
Men,26000
Women,26000
Men,26000
Women,26000
Women,26000
Men,26000
Men,26000
Men,26000
Men,26000
Women,26000
Men,26000
Women,26000
Women,26000
Women,26000
Women,26000
Women,26000
Men,26000
Women,26000
Men,26000
Men,26000
Men,26000
Women,26000
Men,26000
Men,26000
Women,26000
Women,26000
Women,26000
Men,26000
Women,26000
Women,26000
Men,26200
Women,26300
Men,26408
Women,26500
Women,26500
Women,26500
Women,26500
Men,26500
Women,26500
Men,26500
Men,26500
Women,26500
Women,26500
Men,26500
Men,26500
Men,26500
Women,26500
Women,26500
Women,26500
Women,26500
Women,26500
Men,26500
Women,26500
Men,26500
Women,26800
Women,26800
Women,26800
Women,26869
Women,26997
Women,27000
Men,27000
Women,27000
Women,27000
Women,27000
Women,27000
Women,27000
Men,27000
Women,27000
Women,27000
Women,27000
Women,27000
Women,27000
Men,27000
Women,27000
Men,27000
Women,27000
Women,27000
Men,27000
Women,27000
Women,27000
Men,27000
Women,27000
Women,27000
Women,27000
Women,27000
Women,27000
Women,27000
Women,27000
Men,27000
Men,27000
Men,27000
Women,27000
Women,27000
Men,27000
Women,27000
Women,27000
Men,27000
Men,27000
Men,27000
Women,27000
Men,27000
Women,27000
Women,27000
Men,27000
Women,27000
Women,27000
Men,27000
Men,27000
Women,27000
Women,27000
Men,27000
Men,27000
Women,27000
Women,27000
Men,27000
Men,27000
Women,27000
Men,27000
Women,27000
Men,27000
Men,27000
Men,27000
Women,27000
Women,27000
Women,27000
Men,27000
Men,27000
Women,27000
Men,27000
Women,27000
Women,27000
Women,27000
Men,27000
Men,27000
Women,27000
Men,27000
Women,27000
Men,27000
Men,27000
Men,27100
Women,27200
Women,27279
Women,27300
Men,27303
Women,27361
Men,27361
Women,27398
Women,27500
Men,27500
Men,27500
Women,27500
Women,27500
Women,27500
Women,27500
Women,27500
Men,27500
Women,27500
Men,27500
Men,27500
Women,27500
Women,27500
Women,27500
Men,27500
Women,27600
Women,27800
Women,27848
Women,27900
Men,28000
Women,28000
Women,28000
Men,28000
Women,28000
Men,28000
Women,28000
Men,28000
Women,28000
Women,28000
Men,28000
Men,28000
Women,28000
Women,28000
Men,28000
Men,28000
Women,28000
Men,28000
Women,28000
Men,28000
Women,28000
Women,28000
Women,28000
Men,28000
Men,28000
Women,28000
Men,28000
Men,28000
Women,28000
Men,28000
Women,28000
Women,28000
Women,28000
Women,28000
Men,28000
Women,28000
Men,28000
Men,28000
Women,28000
Women,28000
Men,28000
Men,28000
Women,28000
Women,28000
Men,28000
Men,28000
Men,28000
Women,28000
Men,28000
Women,28000
Men,28000
Men,28000
Men,28000
Men,28000
Women,28000
Men,28000
Men,28000
Men,28000
Women,28000
Women,28000
Men,28000
Men,28000
Men,28000
Women,28000
Men,28000
Men,28000
Men,28000
Men,28000
Men,28000
Men,28000
Men,28000
Men,28000
Women,28000
Women,28000
Men,28000
Women,28000
Women,28000
Men,28000
Men,28000
Women,28000
Women,28000
Men,28000
Women,28000
Men,28000
Men,28000
Men,28000
Men,28000
Women,28000
Men,28000
Women,28000
Men,28000
Men,28000
Men,28000
Men,28000
Women,28000
Women,28000
Men,28000
Men,28000
Men,28000
Men,28000
Women,28000
Men,28000
Women,28000
Women,28000
Men,28000
Men,28000
Women,28000
Men,28000
Men,28000
Men,28000
Men,28000
Women,28000
Women,28013
Women,28180
Women,28180
Women,28180
Women,28200
Men,28357
Men,28380
Women,28462
Women,28463
Women,28500
Men,28500
Women,28500
Men,28500
Women,28500
Women,28500
Men,28500
Men,28500
Men,28500
Women,28500
Women,28500
Women,28500
Men,28500
Women,28500
Women,28500
Men,28600
Men,28700
Men,28746
Women,28746
Women,28750
Women,28900
Women,28900
Women,29000
Men,29000
Men,29000
Men,29000
Men,29000
Men,29000
Women,29000
Women,29000
Men,29000
Men,29000
Men,29000
Men,29000
Women,29000
Women,29000
Women,29000
Women,29000
Men,29000
Men,29000
Women,29000
Women,29000
Women,29000
Men,29000
Men,29000
Women,29000
Men,29000
Women,29000
Men,29000
Men,29000
Women,29000
Women,29000
Men,29000
Women,29000
Men,29000
Women,29000
Women,29000
Men,29000
Men,29000
Men,29000
Men,29000
Women,29000
Men,29000
Women,29000
Men,29000
Men,29000
Men,29000
Men,29000
Men,29000
Women,29000
Men,29000
Men,29000
Women,29000
Men,29000
Men,29000
Men,29000
Women,29000
Men,29000
Women,29006
Men,29100
Women,29200
Women,29307
Men,29312
Women,29350
Men,29400
Men,29450
Men,29500
Women,29500
Men,29500
Men,29500
Men,29500
Men,29638
Men,29700
Men,29800
Men,29868
Men,29900
Men,29952
Women,30000
Men,30000
Men,30000
Women,30000
Men,30000
Men,30000
Men,30000
Women,30000
Women,30000
Men,30000
Women,30000
Men,30000
Men,30000
Men,30000
Men,30000
Men,30000
Men,30000
Women,30000
Women,30000
Women,30000
Men,30000
Men,30000
Men,30000
Men,30000
Men,30000
Men,30000
Women,30000
Men,30000
Men,30000
Men,30000
Men,30000
Men,30000
Men,30000
Women,30000
Women,30000
Women,30000
Women,30000
Women,30000
Women,30000
Women,30000
Women,30000
Women,30000
Men,30000
Women,30000
Women,30000
Women,30000
Women,30000
Men,30000
Women,30000
Men,30000
Men,30000
Women,30000
Women,30000
Men,30000
Men,30000
Men,30000
Men,30000
Men,30000
Men,30000
Women,30000
Men,30000
Men,30000
Men,30000
Men,30000
Women,30000
Women,30000
Men,30000
Men,30000
Men,30000
Women,30000
Men,30000
Women,30000
Men,30000
Men,30000
Men,30000
Women,30000
Men,30000
Women,30000
Men,30000
Women,30000
Men,30000
Men,30000
Men,30000
Women,30000
Men,30000
Men,30000
Men,30000
Women,30000
Men,30000
Women,30000
Women,30000
Men,30000
Women,30000
Men,30000
Men,30000
Women,30000
Men,30000
Women,30000
Women,30000
Men,30000
Men,30000
Men,30000
Men,30000
Men,30000
Women,30000
Men,30000
Men,30000
Men,30000
Women,30000
Men,30000
Men,30000
Women,30000
Women,30000
Women,30000
Women,30000
Women,30000
Women,30000
Women,30000
Women,30000
Women,30000
Men,30000
Men,30000
Men,30000
Men,30000
Men,30000
Men,30000
Men,30000
Men,30000
Men,30000
Women,30000
Men,30000
Women,30000
Men,30000
Women,30000
Men,30000
Women,30000
Men,30000
Women,30000
Men,30000
Men,30000
Women,30000
Men,30000
Men,30000
Men,30000
Women,30000
Men,30000
Men,30000
Men,30000
Men,30000
Men,30000
Women,30000
Women,30000
Men,30000
Men,30000
Men,30000
Women,30000
Men,30000
Men,30000
Women,30000
Men,30000
Men,30000
Men,30000
Women,30000
Men,30000
Men,30000
Men,30000
Women,30000
Men,30000
Women,30000
Men,30000
Men,30000
Men,30000
Men,30000
Women,30000
Men,30000
Men,30000
Women,30000
Men,30000
Women,30000
Men,30020
Men,30200
Men,30300
Women,30335
Women,30500
Men,30500
Men,30500
Men,30500
Women,30500
Men,30600
Men,30600
Women,30600
Women,30624
Women,30800
Men,30800
Women,31000
Women,31000
Women,31000
Women,31000
Men,31000
Men,31000
Women,31000
Women,31000
Men,31000
Men,31000
Men,31000
Women,31000
Men,31000
Women,31000
Men,31000
Women,31000
Men,31000
Men,31000
Men,31000
Men,31000
Men,31000
Women,31000
Women,31000
Men,31000
Men,31000
Men,31000
Men,31000
Men,31000
Women,31000
Women,31000
Women,31000
Women,31000
Men,31000
Women,31000
Men,31000
Women,31000
Women,31000
Men,31000
Men,31000
Women,31000
Women,31000
Women,31000
Women,31000
Women,31000
Men,31000
Women,31000
Men,31000
Women,31000
Women,31000
Women,31000
Women,31000
Women,31200
Women,31250
Women,31370
Women,31380
Men,31500
Women,31500
Men,31500
Women,31600
Women,31750
Men,31978
Men,31996
Men,32000
Men,32000
Men,32000
Women,32000
Men,32000
Women,32000
Men,32000
Women,32000
Women,32000
Women,32000
Men,32000
Men,32000
Men,32000
Men,32000
Women,32000
Men,32000
Women,32000
Women,32000
Men,32000
Women,32000
Women,32000
Men,32000
Women,32000
Men,32000
Women,32000
Women,32000
Women,32000
Men,32000
Women,32000
Women,32000
Men,32000
Men,32000
Men,32000
Men,32000
Men,32000
Men,32000
Women,32000
Women,32000
Men,32000
Women,32000
Women,32000
Women,32000
Men,32000
Women,32000
Men,32000
Men,32000
Men,32000
Women,32000
Women,32000
Men,32000
Women,32000
Men,32000
Men,32000
Women,32000
Men,32000
Men,32000
Women,32000
Women,32000
Women,32000
Women,32000
Men,32000
Men,32000
Men,32000
Women,32000
Women,32000
Women,32000
Men,32000
Women,32000
Women,32000
Women,32000
Men,32000
Men,32000
Men,32000
Men,32000
Women,32000
Women,32000
Women,32000
Women,32000
Women,32000
Women,32000
Women,32000
Women,32000
Women,32000
Men,32000
Men,32000
Men,32000
Women,32000
Women,32000
Men,32000
Women,32000
Men,32000
Men,32000
Men,32000
Men,32000
Men,32000
Men,32448
Men,32486
Women,32500
Men,32500
Men,32500
Women,32500
Men,32500
Men,32500
Men,32500
Men,32500
Women,32500
Women,32500
Women,32656
Men,32724
Men,32750
Men,32762
Women,32800
Women,33000
Men,33000
Women,33000
Women,33000
Men,33000
Men,33000
Women,33000
Women,33000
Women,33000
Women,33000
Men,33000
Women,33000
Women,33000
Men,33000
Men,33000
Women,33000
Men,33000
Men,33000
Women,33000
Women,33000
Men,33000
Men,33000
Men,33000
Women,33000
Men,33000
Men,33000
Women,33000
Men,33000
Men,33000
Women,33000
Women,33000
Men,33000
Men,33000
Women,33000
Women,33000
Men,33000
Women,33000
Women,33000
Men,33000
Women,33000
Women,33000
Men,33000
Men,33000
Men,33000
Men,33000
Women,33000
Men,33000
Men,33000
Men,33000
Men,33000
Women,33000
Men,33200
Men,33400
Men,33400
Women,33500
Women,33500
Men,33500
Men,33500
Men,33500
Men,34000
Men,34000
Women,34000
Women,34000
Women,34000
Men,34000
Men,34000
Men,34000
Men,34000
Men,34000
Men,34000
Men,34000
Men,34000
Women,34000
Women,34000
Women,34000
Women,34000
Women,34000
Women,34000
Men,34000
Women,34000
Women,34000
Men,34000
Women,34000
Women,34000
Women,34000
Men,34000
Men,34000
Men,34000
Women,34000
Men,34000
Women,34000
Men,34000
Men,34000
Men,34000
Men,34000
Women,34000
Men,34000
Men,34000
Women,34000
Men,34000
Women,34000
Women,34000
Men,34000
Men,34000
Men,34000
Men,34000
Men,34000
Women,34000
Men,34000
Men,34000
Women,34000
Men,34000
Men,34000
Men,34000
Men,34000
Men,34000
Women,34000
Men,34000
Men,34000
Men,34000
Men,34000
Men,34000
Women,34000
Men,34000
Women,34000
Men,34000
Women,34000
Women,34000
Women,34100
Women,34300
Men,34300
Men,34500
Women,34500
Men,34500
Men,34500
Men,34500
Women,34500
Men,34550
Women,34556
Men,34671
Men,34780
Men,34960
Women,35000
Men,35000
Men,35000
Men,35000
Women,35000
Men,35000
Men,35000
Men,35000
Women,35000
Men,35000
Women,35000
Men,35000
Men,35000
Men,35000
Men,35000
Men,35000
Men,35000
Women,35000
Men,35000
Men,35000
Women,35000
Women,35000
Women,35000
Men,35000
Women,35000
Women,35000
Women,35000
Women,35000
Men,35000
Women,35000
Women,35000
Women,35000
Men,35000
Men,35000
Women,35000
Men,35000
Women,35000
Men,35000
Women,35000
Men,35000
Men,35000
Women,35000
Men,35000
Men,35000
Men,35000
Women,35000
Men,35000
Men,35000
Women,35000
Men,35000
Men,35000
Women,35000
Women,35000
Men,35000
Women,35000
Women,35000
Women,35000
Men,35000
Women,35000
Women,35000
Men,35000
Men,35000
Women,35000
Men,35000
Women,35000
Women,35000
Women,35000
Men,35000
Men,35000
Women,35000
Men,35000
Men,35000
Women,35000
Men,35000
Women,35000
Men,35000
Men,35000
Women,35000
Men,35000
Men,35000
Women,35000
Men,35000
Men,35000
Men,35000
Women,35000
Women,35000
Men,35000
Women,35000
Women,35000
Women,35000
Men,35000
Men,35000
Women,35000
Men,35000
Men,35000
Men,35000
Women,35000
Women,35000
Women,35000
Men,35000
Women,35000
Men,35000
Women,35000
Women,35000
Women,35000
Men,35000
Women,35000
Men,35000
Women,35000
Women,35000
Men,35000
Women,35000
Men,35000
Men,35000
Women,35000
Men,35000
Men,35000
Men,35000
Men,35000
Men,35127
Men,35225
Women,35300
Women,35400
Women,35400
Women,35500
Men,35500
Men,35500
Men,35500
Women,35500
Women,35500
Men,35500
Men,35500
Men,35500
Women,35675
Women,35700
Men,35721
Men,35750
Women,35763
Women,35800
Men,36000
Men,36000
Men,36000
Men,36000
Men,36000
Women,36000
Men,36000
Men,36000
Women,36000
Men,36000
Men,36000
Women,36000
Women,36000
Men,36000
Women,36000
Men,36000
Women,36000
Men,36000
Men,36000
Men,36000
Women,36000
Men,36000
Men,36000
Men,36000
Women,36000
Women,36000
Women,36000
Men,36000
Men,36000
Women,36000
Women,36000
Women,36000
Men,36000
Women,36000
Men,36000
Men,36000
Men,36000
Women,36000
Men,36000
Men,36000
Men,36000
Men,36000
Women,36000
Men,36000
Women,36000
Women,36000
Men,36000
Women,36000
Women,36000
Women,36000
Men,36000
Men,36000
Men,36000
Men,36000
Men,36000
Women,36000
Women,36000
Men,36000
Women,36000
Men,36000
Women,36000
Men,36000
Women,36000
Women,36000
Men,36000
Men,36000
Women,36000
Women,36000
Women,36500
Men,36500
Men,36500
Men,36500
Men,36500
Men,36500
Men,36500
Women,36700
Men,36717
Women,36748
Men,36960
Women,37000
Men,37000
Men,37000
Men,37000
Women,37000
Men,37000
Women,37000
Women,37000
Women,37000
Women,37000
Women,37000
Women,37000
Men,37000
Men,37000
Women,37000
Women,37000
Men,37000
Women,37000
Men,37000
Men,37000
Women,37000
Men,37000
Men,37000
Women,37000
Women,37000
Women,37000
Women,37000
Men,37000
Men,37000
Men,37000
Men,37000
Men,37000
Women,37000
Men,37000
Men,37000
Men,37000
Women,37000
Men,37000
Women,37000
Men,37000
Women,37000
Women,37000
Men,37000
Men,37000
Men,37000
Women,37000
Women,37000
Men,37000
Men,37000
Women,37000
Men,37050
Men,37185
Women,37400
Men,37400
Men,37438
Men,37500
Men,37500
Men,37500
Women,37500
Men,37500
Men,37500
Men,37500
Men,37500
Women,37500
Men,37500
Women,37500
Men,37600
Men,38000
Men,38000
Women,38000
Women,38000
Men,38000
Men,38000
Men,38000
Men,38000
Men,38000
Women,38000
Men,38000
Women,38000
Men,38000
Men,38000
Women,38000
Men,38000
Women,38000
Men,38000
Women,38000
Women,38000
Men,38000
Women,38000
Women,38000
Men,38000
Men,38000
Men,38000
Men,38000
Women,38000
Women,38000
Men,38000
Men,38000
Men,38000
Men,38000
Men,38000
Women,38000
Men,38000
Men,38000
Men,38000
Men,38000
Women,38000
Men,38000
Women,38000
Men,38000
Men,38000
Women,38000
Men,38000
Men,38000
Women,38000
Men,38000
Men,38000
Men,38000
Men,38000
Women,38000
Women,38000
Men,38000
Women,38000
Men,38000
Women,38000
Men,38000
Men,38000
Men,38000
Women,38000
Women,38000
Men,38000
Men,38000
Men,38000
Women,38000
Women,38000
Men,38000
Men,38000
Men,38000
Men,38000
Men,38000
Women,38000
Women,38118
Men,38200
Women,38250
Women,38427
Women,38500
Men,38500
Men,38500
Women,38500
Men,38800
Men,38900
Men,38900
Women,39000
Women,39000
Men,39000
Men,39000
Men,39000
Men,39000
Men,39000
Women,39000
Men,39000
Men,39000
Men,39000
Women,39000
Women,39000
Men,39000
Men,39000
Women,39000
Men,39000
Women,39000
Women,39000
Men,39000
Men,39000
Women,39000
Women,39000
Men,39000
Women,39000
Women,39200
Men,39450
Women,39500
Women,39600
Men,39629
Men,40000
Women,40000
Women,40000
Women,40000
Men,40000
Men,40000
Men,40000
Men,40000
Women,40000
Men,40000
Men,40000
Women,40000
Men,40000
Women,40000
Men,40000
Women,40000
Women,40000
Men,40000
Men,40000
Women,40000
Women,40000
Women,40000
Men,40000
Women,40000
Men,40000
Men,40000
Men,40000
Men,40000
Men,40000
Men,40000
Women,40000
Men,40000
Men,40000
Men,40000
Men,40000
Men,40000
Men,40000
Men,40000
Men,40000
Men,40000
Men,40000
Men,40000
Women,40000
Men,40000
Men,40000
Men,40000
Women,40000
Men,40000
Women,40000
Women,40000
Women,40000
Men,40000
Women,40000
Men,40000
Men,40000
Men,40000
Women,40000
Women,40000
Women,40000
Men,40000
Men,40000
Men,40000
Men,40000
Women,40000
Men,40000
Women,40000
Men,40000
Women,40000
Men,40000
Men,40000
Men,40000
Women,40000
Men,40000
Women,40000
Men,40000
Women,40000
Women,40000
Men,40000
Men,40000
Men,40000
Men,40000
Men,40000
Women,40000
Men,40000
Women,40000
Women,40000
Men,40000
Men,40000
Men,40000
Women,40000
Men,40000
Men,40000
Men,40000
Men,40000
Men,40000
Men,40000
Men,40000
Men,40000
Men,40000
Men,40000
Women,40000
Women,40000
Men,40000
Men,40000
Men,40000
Women,40000
Women,40000
Women,40000
Women,40000
Men,40000
Men,40000
Men,40000
Women,40000
Men,40000
Women,40000
Men,40000
Women,40000
Men,40000
Men,40000
Men,40000
Women,40000
Women,40002
Men,40090
Men,40100
Men,40100
Women,40250
Women,40300
Men,40500
Men,41000
Women,41000
Women,41000
Men,41000
Men,41000
Women,41000
Men,41000
Women,41000
Men,41000
Women,41000
Men,41000
Women,41000
Women,41000
Men,41000
Women,41000
Men,41000
Men,41000
Women,41000
Men,41000
Women,41000
Men,41000
Men,41000
Women,41000
Men,41000
Men,41000
Men,41000
Women,41000
Men,41000
Women,41000
Women,41000
Men,41000
Women,41000
Men,41000
Women,41000
Women,41000
Men,41000
Women,41000
Women,41044
Women,41100
Men,41200
Men,41285
Men,41600
Men,41600
Women,41600
Women,41800
Men,42000
Men,42000
Men,42000
Women,42000
Women,42000
Women,42000
Women,42000
Women,42000
Men,42000
Men,42000
Men,42000
Men,42000
Women,42000
Women,42000
Men,42000
Women,42000
Women,42000
Men,42000
Women,42000
Women,42000
Men,42000
Women,42000
Men,42000
Men,42000
Women,42000
Women,42000
Men,42000
Women,42000
Women,42000
Men,42000
Men,42000
Men,42000
Women,42000
Men,42000
Men,42000
Men,42000
Men,42000
Men,42000
Men,42000
Women,42000
Men,42000
Women,42000
Women,42000
Men,42000
Women,42000
Men,42000
Women,42000
Men,42000
Women,42000
Men,42000
Women,42000
Men,42000
Women,42000
Men,42000
Men,42000
Men,42000
Women,42000
Men,42000
Men,42000
Men,42000
Men,42000
Men,42000
Women,42000
Men,42000
Women,42000
Women,42000
Men,42000
Women,42000
Women,42000
Women,42000
Women,42000
Men,42000
Women,42000
Men,42000
Women,42000
Women,42114
Women,42500
Men,42500
Men,42500
Men,42500
Women,42500
Men,42525
Women,42555
Men,42569
Men,42600
Women,42781
Men,42800
Women,42957
Men,43000
Women,43000
Men,43000
Women,43000
Women,43000
Men,43000
Men,43000
Men,43000
Men,43000
Women,43000
Men,43000
Women,43000
Men,43000
Men,43000
Women,43000
Men,43000
Women,43000
Women,43000
Women,43000
Men,43000
Men,43000
Women,43000
Women,43000
Men,43000
Men,43000
Women,43000
Men,43000
Men,43000
Women,43000
Women,43000
Women,43000
Women,43000
Women,43000
Women,43000
Men,43000
Women,43000
Women,43100
Men,43100
Men,43192
Men,43320
Women,43500
Men,43500
Women,43500
Women,43600
Women,43700
Men,44000
Men,44000
Women,44000
Men,44000
Women,44000
Women,44000
Men,44000
Women,44000
Women,44000
Men,44000
Women,44000
Men,44000
Men,44000
Men,44000
Men,44000
Men,44000
Men,44000
Men,44000
Men,44000
Men,44000
Men,44000
Men,44000
Women,44000
Women,44000
Women,44000
Men,44000
Women,44000
Women,44000
Men,44000
Men,44000
Men,44000
Men,44500
Women,44500
Women,44600
Men,45000
Men,45000
Men,45000
Men,45000
Men,45000
Women,45000
Men,45000
Women,45000
Men,45000
Men,45000
Men,45000
Women,45000
Men,45000
Men,45000
Women,45000
Women,45000
Men,45000
Men,45000
Men,45000
Men,45000
Men,45000
Women,45000
Women,45000
Men,45000
Women,45000
Women,45000
Women,45000
Women,45000
Women,45000
Women,45000
Men,45000
Men,45000
Men,45000
Men,45000
Men,45000
Men,45000
Women,45000
Men,45000
Women,45000
Men,45000
Women,45000
Men,45000
Men,45000
Men,45000
Men,45000
Women,45000
Men,45000
Men,45000
Men,45000
Men,45000
Men,45000
Women,45000
Men,45000
Men,45000
Men,45000
Men,45000
Men,45000
Women,45000
Women,45000
Men,45000
Men,45000
Men,45000
Men,45000
Women,45000
Men,45000
Men,45000
Men,45000
Women,45000
Men,45000
Men,45000
Men,45000
Men,45000
Men,45000
Men,45000
Men,45000
Men,45000
Men,45000
Men,45000
Men,45000
Men,45000
Women,45000
Men,45000
Men,45240
Men,45550
Men,45600
Women,45648
Men,46000
Men,46000
Men,46000
Men,46000
Men,46000
Men,46000
Women,46000
Women,46000
Women,46000
Men,46000
Men,46000
Men,46000
Women,46000
Women,46000
Women,46000
Women,46000
Men,46000
Men,46000
Men,46000
Men,46000
Men,46000
Men,46000
Men,46000
Women,46000
Women,46335
Men,46400
Women,46500
Men,46597
Men,47000
Men,47000
Women,47000
Women,47000
Women,47000
Men,47000
Women,47000
Women,47000
Women,47000
Women,47000
Men,47000
Men,47000
Men,47000
Men,47000
Men,47000
Men,47000
Men,47000
Men,47000
Women,47000
Men,47000
Men,47000
Women,47000
Women,47000
Men,47000
Men,47000
Women,47000
Women,47000
Men,47500
Women,47500
Men,47500
Women,47500
Men,47500
Women,47500
Men,47900
Men,48000
Men,48000
Men,48000
Men,48000
Men,48000
Men,48000
Men,48000
Women,48000
Men,48000
Women,48000
Men,48000
Men,48000
Men,48000
Men,48000
Men,48000
Women,48000
Women,48000
Women,48000
Men,48000
Men,48000
Men,48000
Men,48000
Men,48000
Men,48000
Men,48000
Women,48000
Men,48000
Men,48000
Women,48000
Men,48000
Men,48000
Men,48000
Men,48000
Men,48000
Men,48000
Men,48000
Women,48000
Women,48000
Men,48000
Women,48192
Women,48300
Men,48500
Men,48500
Women,48500
Men,48500
Men,48903
Men,49000
Women,49000
Men,49000
Men,49000
Men,49000
Women,49000
Men,49000
Men,49000
Men,49000
Men,49000
Men,49000
Men,49000
Men,49000
Women,49000
Women,49000
Women,49000
Men,49000
Women,49000
Men,49000
Men,49250
Men,49500
Men,49500
Men,49500
Men,49650
Men,49772
Men,49835
Men,49950
Men,50000
Men,50000
Men,50000
Men,50000
Men,50000
Men,50000
Women,50000
Men,50000
Women,50000
Women,50000
Men,50000
Women,50000
Men,50000
Men,50000
Men,50000
Men,50000
Men,50000
Men,50000
Men,50000
Women,50000
Women,50000
Men,50000
Women,50000
Women,50000
Women,50000
Men,50000
Women,50000
Men,50000
Men,50000
Women,50000
Men,50000
Women,50000
Men,50000
Men,50000
Men,50000
Women,50000
Men,50000
Men,50000
Men,50000
Men,50000
Men,50000
Men,50000
Men,50000
Men,50000
Men,50000
Men,50000
Men,50000
Men,50000
Men,50000
Men,50000
Men,50000
Men,50000
Men,50000
Men,50000
Women,50000
Men,50000
Women,50000
Women,50000
Women,50000
Men,50000
Men,50000
Men,50000
Men,50000
Men,50000
Women,50000
Men,50000
Men,50000
Women,50000
Women,50000
Women,50000
Men,50000
Men,50000
Men,50000
Women,50000
Men,50000
Men,50000
Men,50000
Women,50000
Men,50000
Men,50000
Men,50000
Men,50171
Men,50400
Men,50600
Men,51000
Men,51000
Men,51000
Men,51000
Men,51000
Men,51000
Men,51000
Women,51000
Men,51000
Men,51000
Women,51000
Men,51000
Men,51000
Women,51000
Men,51000
Men,51000
Men,51000
Women,51000
Men,51001
Men,51435
Men,51500
Women,51500
Men,52000
Women,52000
Women,52000
Men,52000
Men,52000
Men,52000
Men,52000
Men,52000
Men,52000
Women,52000
Men,52000
Men,52000
Women,52000
Men,52000
Women,52000
Men,52000
Women,52000
Men,52000
Men,52000
Men,52000
Men,52000
Women,52000
Men,52000
Women,52000
Men,52000
Men,52000
Men,52000
Men,52000
Men,52000
Men,52500
Women,52600
Men,53000
Women,53000
Men,53000
Men,53000
Men,53000
Men,53000
Men,53000
Men,53000
Men,53000
Men,53000
Women,53000
Men,53000
Women,53000
Men,53000
Men,53000
Men,53000
Men,53500
Men,53500
Women,53500
Women,54000
Women,54000
Women,54000
Men,54000
Men,54000
Women,54000
Men,54000
Men,54000
Men,54000
Women,54000
Men,54000
Women,54000
Women,54000
Men,54000
Women,54000
Women,54000
Men,54000
Men,54000
Men,54264
Men,54300
Men,54500
Men,55000
Men,55000
Men,55000
Men,55000
Women,55000
Women,55000
Men,55000
Men,55000
Men,55000
Men,55000
Women,55000
Men,55000
Men,55000
Men,55000
Men,55000
Men,55000
Men,55000
Women,55000
Men,55000
Women,55000
Men,55000
Women,55000
Men,55000
Men,55000
Men,55000
Men,55000
Women,55000
Men,55000
Men,55000
Men,55000
Women,55000
Men,55000
Men,55000
Men,55000
Men,55000
Women,55000
Women,55000
Men,55000
Men,55000
Men,55000
Men,55000
Men,55000
Women,55000
Men,55000
Men,55000
Men,55000
Men,55000
Men,55000
Men,55000
Men,56000
Men,56000
Women,56000
Women,56000
Men,56000
Women,56000
Women,56000
Women,56000
Men,56000
Men,56000
Men,56000
Men,56000
Men,56000
Women,56000
Women,56000
Men,56000
Men,56000
Men,57000
Men,57000
Men,57000
Women,57000
Women,57000
Men,57000
Men,57000
Men,57000
Women,57500
Men,57500
Women,58000
Men,58000
Women,58000
Women,58000
Men,58000
Men,58000
Men,58000
Women,58000
Men,58000
Men,58000
Men,58000
Women,58000
Men,58000
Men,58200
Men,58800
Men,58883
Men,59000
Men,59334
Women,59500
Men,60000
Men,60000
Men,60000
Men,60000
Men,60000
Men,60000
Men,60000
Men,60000
Men,60000
Men,60000
Men,60000
Women,60000
Men,60000
Women,60000
Men,60000
Women,60000
Women,60000
Men,60000
Women,60000
Men,60000
Men,60000
Men,60000
Men,60000
Men,60000
Men,60000
Women,60000
Women,60000
Men,60000
Men,60000
Men,60000
Men,60000
Women,60000
Women,60000
Women,60000
Women,60000
Men,60000
Men,60000
Women,60000
Women,60000
Men,60000
Men,60000
Men,60000
Women,60000
Men,60000
Men,60000
Men,60000
Men,60000
Men,60000
Men,60000
Men,60000
Women,60000
Men,60000
Men,60000
Men,60000
Men,60000
Men,60000
Men,60000
Men,60000
Men,60000
Men,60000
Men,60000
Men,60000
Men,60000
Men,60000
Men,60650
Men,60800
Women,61000
Men,61000
Women,61000
Men,61500
Men,61500
Men,61500
Men,62000
Women,62000
Men,62000
Men,62000
Women,62000
Men,62000
Men,62000
Men,62000
Men,62000
Men,62000
Men,62000
Men,62000
Men,62000
Women,62000
Men,62500
Men,62500
Men,63000
Women,63000
Men,63000
Women,63000
Men,63000
Women,63000
Women,63000
Men,63000
Men,63000
Men,63000
Women,63000
Men,63000
Women,63000
Men,63000
Women,63000
Men,64000
Women,64000
Women,64000
Men,64000
Women,64000
Men,64000
Men,64000
Women,64000
Men,64270
Men,65000
Men,65000
Men,65000
Men,65000
Men,65000
Men,65000
Men,65000
Men,65000
Men,65000
Men,65000
Men,65000
Men,65000
Men,65000
Men,65000
Men,65000
Men,65000
Men,65000
Men,65000
Men,65000
Men,65000
Women,65000
Men,65000
Men,65000
Men,65000
Men,65000
Men,65000
Women,65000
Men,65000
Women,65000
Men,65000
Women,65000
Men,65000
Men,65000
Men,65000
Men,66000
Men,66000
Men,66000
Men,66000
Men,67000
Men,67000
Men,67000
Men,67000
Women,67000
Women,67000
Women,67000
Men,67350
Women,67500
Men,67750
Men,68000
Men,68000
Women,68000
Women,68000
Women,68000
Men,68000
Women,68000
Men,68000
Men,68000
Men,68000
Men,69000
Men,69000
Men,69200
Men,70000
Women,70000
Men,70000
Men,70000
Men,70000
Women,70000
Women,70000
Women,70000
Men,70000
Men,70000
Men,70000
Men,70000
Men,70000
Men,70000
Men,70000
Men,70000
Men,70000
Men,70000
Men,70000
Men,70000
Men,70000
Men,70000
Men,70000
Men,70000
Men,70000
Men,70000
Men,70000
Men,70000
Men,70000
Men,70000
Men,70000
Women,71000
Women,71000
Men,71000
Men,71000
Men,71000
Men,71800
Women,72000
Men,72000
Women,72000
Men,72000
Men,72000
Women,72000
Men,72000
Men,72000
Men,72000
Men,72500
Men,72500
Men,73000
Women,73000
Men,73000
Men,73000
Men,74000
Men,74000
Men,74000
Men,74000
Men,74880
Women,75000
Men,75000
Men,75000
Men,75000
Men,75000
Men,75000
Women,75000
Men,75000
Men,75000
Men,75000
Men,75000
Men,75000
Women,75000
Men,75000
Women,75000
Men,75000
Men,75000
Men,75000
Men,75000
Men,75000
Women,75000
Men,75000
Men,75000
Women,75000
Men,75000
Men,75000
Men,76000
Women,76000
Men,76000
Men,76000
Women,76000
Women,76000
Men,76000
Men,76575
Women,77000
Women,77000
Men,77000
Men,77000
Men,77500
Men,77700
Men,78000
Women,78000
Women,78000
Men,78000
Men,78000
Men,78000
Women,78000
Men,78000
Men,79000
Men,79000
Men,80000
Men,80000
Women,80000
Men,80000
Women,80000
Men,80000
Men,80000
Women,80000
Women,80000
Women,80000
Women,80000
Men,80000
Men,80000
Men,80000
Men,80000
Men,80000
Men,80000
Men,80000
Women,80000
Men,80000
Men,80000
Men,80000
Men,80750
Women,81000
Men,81020
Men,82000
Men,82000
Women,82000
Men,82000
Men,83000
Men,83000
Men,83000
Men,83000
Women,83500
Men,84000
Women,85000
Men,85000
Men,85000
Men,85000
Men,85000
Men,85000
Women,85000
Women,85000
Men,85000
Men,85000
Men,85000
Women,85000
Men,85000
Women,85000
Men,85000
Men,85000
Men,85000
Men,85000
Men,85000
Women,85000
Men,85000
Men,85000
Men,85000
Men,85500
Women,86000
Women,87000
Women,87000
Men,88000
Men,88000
Men,88000
Men,90000
Men,90000
Men,90000
Men,90000
Men,90000
Men,90000
Men,90000
Men,90000
Men,90000
Men,90000
Men,90000
Women,90000
Men,90000
Men,90000
Men,90000
Men,90000
Men,90000
Men,92000
Men,94000
Men,94000
Women,95000
Men,95000
Men,95000
Men,95000
Women,95000
Women,95000
Men,95000
Men,95000
Men,95000
Men,95000
Men,95000
Men,95000
Men,95000
Women,95000
Men,95000
Women,96000
Men,96676
Men,97000
Men,97000
Women,97000
Men,97500
Men,98000
Men,98000
Men,98000
Men,98000
Women,99000
Men,99000
Men,99000
Men,99000
Men,99000
Men,99000